{
  "project_info": {
    "project_number": "265617828931",
    "firebase_url": "https://bait2123-202101-12-default-rtdb.firebaseio.com",
    "project_id": "bait2123-202101-12",
    "storage_bucket": "bait2123-202101-12.appspot.com"
  },
  "client": [
    {
      "client_info": {
        "mobilesdk_app_id": "1:265617828931:android:d60b37c9b6e3c34fdc78f6",
        "android_client_info": {
          "package_name": "com.ex"
        }
      },
      "oauth_client": [
        {
          "client_id": "265617828931-3usoejc9sbclpn4f68fidqeuldl8q68n.apps.googleusercontent.com",
          "client_type": 3
        }
      ],
      "api_key": [
        {
          "current_key": "AIzaSyC1Ve5hLS6PmZP_7UywF2QhzcOBNeYiPXo"
        }
      ],
      "services": {
        "appinvite_service": {
          "other_platform_oauth_client": [
            {
              "client_id": "265617828931-3usoejc9sbclpn4f68fidqeuldl8q68n.apps.googleusercontent.com",
              "client_type": 3
            }
          ]
        }
      }
    },
    {
      "client_info": {
        "mobilesdk_app_id": "1:265617828931:android:6b4b786398af5fdddc78f6",
        "android_client_info": {
          "package_name": "com.example.iot_asgm"
        }
      },
      "oauth_client": [
        {
          "client_id": "265617828931-3usoejc9sbclpn4f68fidqeuldl8q68n.apps.googleusercontent.com",
          "client_type": 3
        }
      ],
      "api_key": [
        {
          "current_key": "AIzaSyC1Ve5hLS6PmZP_7UywF2QhzcOBNeYiPXo"
        }
      ],
      "services": {
        "appinvite_service": {
          "other_platform_oauth_client": [
            {
              "client_id": "265617828931-3usoejc9sbclpn4f68fidqeuldl8q68n.apps.googleusercontent.com",
              "client_type": 3
            }
          ]
        }
      }
    },
    {
      "client_info": {
        "mobilesdk_app_id": "1:265617828931:android:b27fe2c2aab1ad4cdc78f6",
        "android_client_info": {
          "package_name": "com.example.iot_asgmTWS"
        }
      },
      "oauth_client": [
        {
          "client_id": "265617828931-3usoejc9sbclpn4f68fidqeuldl8q68n.apps.googleusercontent.com",
          "client_type": 3
        }
      ],
      "api_key": [
        {
          "current_key": "AIzaSyC1Ve5hLS6PmZP_7UywF2QhzcOBNeYiPXo"
        }
      ],
      "services": {
        "appinvite_service": {
          "other_platform_oauth_client": [
            {
              "client_id": "265617828931-3usoejc9sbclpn4f68fidqeuldl8q68n.apps.googleusercontent.com",
              "client_type": 3
            }
          ]
        }
      }
    },
    {
      "client_info": {
        "mobilesdk_app_id": "1:265617828931:android:7b7ebef03671b2fcdc78f6",
        "android_client_info": {
          "package_name": "com.example.iot_assignment"
        }
      },
      "oauth_client": [
        {
          "client_id": "265617828931-3usoejc9sbclpn4f68fidqeuldl8q68n.apps.googleusercontent.com",
          "client_type": 3
        }
      ],
      "api_key": [
        {
          "current_key": "AIzaSyC1Ve5hLS6PmZP_7UywF2QhzcOBNeYiPXo"
        }
      ],
      "services": {
        "appinvite_service": {
          "other_platform_oauth_client": [
            {
              "client_id": "265617828931-3usoejc9sbclpn4f68fidqeuldl8q68n.apps.googleusercontent.com",
              "client_type": 3
            }
          ]
        }
      }
    },
    {
      "client_info": {
        "mobilesdk_app_id": "1:265617828931:android:b28753bb516897a4dc78f6",
        "android_client_info": {
          "package_name": "com.example.iot_smartkitchen"
        }
      },
      "oauth_client": [
        {
          "client_id": "265617828931-3usoejc9sbclpn4f68fidqeuldl8q68n.apps.googleusercontent.com",
          "client_type": 3
        }
      ],
      "api_key": [
        {
          "current_key": "AIzaSyC1Ve5hLS6PmZP_7UywF2QhzcOBNeYiPXo"
        }
      ],
      "services": {
        "appinvite_service": {
          "other_platform_oauth_client": [
            {
              "client_id": "265617828931-3usoejc9sbclpn4f68fidqeuldl8q68n.apps.googleusercontent.com",
              "client_type": 3
            }
          ]
        }
      }
    },
    {
      "client_info": {
        "mobilesdk_app_id": "1:265617828931:android:c72176b94577ceb7dc78f6",
        "android_client_info": {
          "package_name": "com.example.kw_mj_jw_ky"
        }
      },
      "oauth_client": [
        {
          "client_id": "265617828931-3usoejc9sbclpn4f68fidqeuldl8q68n.apps.googleusercontent.com",
          "client_type": 3
        }
      ],
      "api_key": [
        {
          "current_key": "AIzaSyC1Ve5hLS6PmZP_7UywF2QhzcOBNeYiPXo"
        }
      ],
      "services": {
        "appinvite_service": {
          "other_platform_oauth_client": [
            {
              "client_id": "265617828931-3usoejc9sbclpn4f68fidqeuldl8q68n.apps.googleusercontent.com",
              "client_type": 3
            }
          ]
        }
      }
    },
    {
      "client_info": {
        "mobilesdk_app_id": "1:265617828931:android:b6ac79424f9026ecdc78f6",
        "android_client_info": {
          "package_name": "com.example.myapplication"
        }
      },
      "oauth_client": [
        {
          "client_id": "265617828931-3usoejc9sbclpn4f68fidqeuldl8q68n.apps.googleusercontent.com",
          "client_type": 3
        }
      ],
      "api_key": [
        {
          "current_key": "AIzaSyC1Ve5hLS6PmZP_7UywF2QhzcOBNeYiPXo"
        }
      ],
      "services": {
        "appinvite_service": {
          "other_platform_oauth_client": [
            {
              "client_id": "265617828931-3usoejc9sbclpn4f68fidqeuldl8q68n.apps.googleusercontent.com",
              "client_type": 3
            }
          ]
        }
      }
    },
    {
      "client_info": {
        "mobilesdk_app_id": "1:265617828931:android:11c7ed3c237610fbdc78f6",
        "android_client_info": {
          "package_name": "com.example.testingfirebase"
        }
      },
      "oauth_client": [
        {
          "client_id": "265617828931-3usoejc9sbclpn4f68fidqeuldl8q68n.apps.googleusercontent.com",
          "client_type": 3
        }
      ],
      "api_key": [
        {
          "current_key": "AIzaSyC1Ve5hLS6PmZP_7UywF2QhzcOBNeYiPXo"
        }
      ],
      "services": {
        "appinvite_service": {
          "other_platform_oauth_client": [
            {
              "client_id": "265617828931-3usoejc9sbclpn4f68fidqeuldl8q68n.apps.googleusercontent.com",
              "client_type": 3
            }
          ]
        }
      }
    },
    {
      "client_info": {
        "mobilesdk_app_id": "1:265617828931:android:6359baefddc18b15dc78f6",
        "android_client_info": {
          "package_name": "com.nev.apartie"
        }
      },
      "oauth_client": [
        {
          "client_id": "265617828931-3usoejc9sbclpn4f68fidqeuldl8q68n.apps.googleusercontent.com",
          "client_type": 3
        }
      ],
      "api_key": [
        {
          "current_key": "AIzaSyC1Ve5hLS6PmZP_7UywF2QhzcOBNeYiPXo"
        }
      ],
      "services": {
        "appinvite_service": {
          "other_platform_oauth_client": [
            {
              "client_id": "265617828931-3usoejc9sbclpn4f68fidqeuldl8q68n.apps.googleusercontent.com",
              "client_type": 3
            }
          ]
        }
      }
    }
  ],
  "configuration_version": "1"
}