{
  "project_info": {
    "project_number": "336828995317",
    "firebase_url": "https://iot-assigment-593b9-default-rtdb.firebaseio.com",
    "project_id": "iot-assigment-593b9",
    "storage_bucket": "iot-assigment-593b9.appspot.com"
  },
  "client": [
    {
      "client_info": {
        "mobilesdk_app_id": "1:336828995317:android:cc795b380ab29f421f17bc",
        "android_client_info": {
          "package_name": "com.example.iot_asgmTWS"
        }
      },
      "oauth_client": [
        {
          "client_id": "336828995317-1uhg40928q55c33qqraqm89f0c5ml3nn.apps.googleusercontent.com",
          "client_type": 3
        }
      ],
      "api_key": [
        {
          "current_key": "AIzaSyAd4a2STojyrN4-qLtO8IS3TtMiNg-ajw0"
        }
      ],
      "services": {
        "appinvite_service": {
          "other_platform_oauth_client": [
            {
              "client_id": "336828995317-1uhg40928q55c33qqraqm89f0c5ml3nn.apps.googleusercontent.com",
              "client_type": 3
            }
          ]
        }
      }
    }
  ],
  "configuration_version": "1"
}